insert into CEIP_CLIENT
(ID, VERSION, CREATE_TS, CREATED_BY, UPDATE_TS, UPDATED_BY, DELETE_TS, DELETED_BY, NAME)
values ('3911a7b2-5b64-0d69-d245-7c5cbba79da5', 1, '2018-02-05 13:44:54', 'admin', '2018-02-05 13:44:54', null, null, null, 'Client 3');
insert into CEIP_CLIENT
(ID, VERSION, CREATE_TS, CREATED_BY, UPDATE_TS, UPDATED_BY, DELETE_TS, DELETED_BY, NAME)
values ('5d8b3ac7-35b2-d108-b837-cd3f886e871f', 2, '2018-02-05 13:24:39', 'admin', '2018-02-05 13:44:51', 'admin', null, null, 'Client 2');
insert into CEIP_CLIENT
(ID, VERSION, CREATE_TS, CREATED_BY, UPDATE_TS, UPDATED_BY, DELETE_TS, DELETED_BY, NAME)
values ('d1278ebe-3116-df6c-2459-7f5b2f686a45', 1, '2018-02-05 13:44:47', 'admin', '2018-02-05 13:44:47', null, null, null, 'Client 1');



insert into CEIP_MATTER
(ID, VERSION, CREATE_TS, CREATED_BY, UPDATE_TS, UPDATED_BY, DELETE_TS, DELETED_BY, CLIENT_ID, NAME)
values ('1849b672-1439-5f4a-5758-29a67beab264', 1, '2018-02-05 13:45:32', 'admin', '2018-02-05 13:45:32', null, null, null, '5d8b3ac7-35b2-d108-b837-cd3f886e871f', 'Matter 22');
insert into CEIP_MATTER
(ID, VERSION, CREATE_TS, CREATED_BY, UPDATE_TS, UPDATED_BY, DELETE_TS, DELETED_BY, CLIENT_ID, NAME)
values ('68e52f9d-7669-ade8-cdb3-6348f35d4c17', 5, '2018-02-05 13:24:45', 'admin', '2018-02-05 13:45:06', 'admin', null, null, '5d8b3ac7-35b2-d108-b837-cd3f886e871f', 'Matter 21');
insert into CEIP_MATTER
(ID, VERSION, CREATE_TS, CREATED_BY, UPDATE_TS, UPDATED_BY, DELETE_TS, DELETED_BY, CLIENT_ID, NAME)
values ('f61b6d15-f2be-6cf1-c482-6ee2febb9d53', 1, '2018-02-05 13:46:10', 'admin', '2018-02-05 13:46:10', null, null, null, 'd1278ebe-3116-df6c-2459-7f5b2f686a45', 'Matter 11');



insert into CEIP_APPLICANT
(ID, VERSION, CREATE_TS, CREATED_BY, UPDATE_TS, UPDATED_BY, DELETE_TS, DELETED_BY, MATTER_ID, NAME)
values ('051f36b7-18c4-73f9-cd10-709e060de47f', 1, '2018-02-05 13:46:10', 'admin', '2018-02-05 13:46:10', null, null, null, 'f61b6d15-f2be-6cf1-c482-6ee2febb9d53', 'Applicant 111');
insert into CEIP_APPLICANT
(ID, VERSION, CREATE_TS, CREATED_BY, UPDATE_TS, UPDATED_BY, DELETE_TS, DELETED_BY, MATTER_ID, NAME)
values ('926f0881-8706-d38b-9375-2835731d0474', 3, '2018-02-05 13:30:24', 'admin', '2018-02-05 13:47:56', 'admin', null, null, '68e52f9d-7669-ade8-cdb3-6348f35d4c17', 'Applicant 211');
insert into CEIP_APPLICANT
(ID, VERSION, CREATE_TS, CREATED_BY, UPDATE_TS, UPDATED_BY, DELETE_TS, DELETED_BY, MATTER_ID, NAME)
values ('9353933b-4185-0ee0-91a5-eb4cbf9dbbaa', 1, '2018-02-05 13:45:32', 'admin', '2018-02-05 13:45:32', null, null, null, '1849b672-1439-5f4a-5758-29a67beab264', 'Applicant 221');




insert into CEIP_VISA
(ID, VERSION, CREATE_TS, CREATED_BY, UPDATE_TS, UPDATED_BY, DELETE_TS, DELETED_BY, VALID_FROM, VALID_UNTIL, APPLICANT_ID)
values ('049f4ec0-3307-6c96-06cf-3a5db2a61522', 1, '2018-02-05 13:46:10', 'admin', '2018-02-05 13:46:10', null, null, null, '2018-02-20', '2018-02-28', '051f36b7-18c4-73f9-cd10-709e060de47f');
insert into CEIP_VISA
(ID, VERSION, CREATE_TS, CREATED_BY, UPDATE_TS, UPDATED_BY, DELETE_TS, DELETED_BY, VALID_FROM, VALID_UNTIL, APPLICANT_ID)
values ('66bf1f21-176b-cdd7-b7c0-ba16505e633d', 1, '2018-02-05 13:45:32', 'admin', '2018-02-05 13:45:32', null, null, null, '2018-02-06', '2018-02-27', '9353933b-4185-0ee0-91a5-eb4cbf9dbbaa');
insert into CEIP_VISA
(ID, VERSION, CREATE_TS, CREATED_BY, UPDATE_TS, UPDATED_BY, DELETE_TS, DELETED_BY, VALID_FROM, VALID_UNTIL, APPLICANT_ID)
values ('80a38976-dfaf-46a2-036c-a6db821affef', 1, '2018-02-05 13:45:32', 'admin', '2018-02-05 13:45:32', null, null, null, '2018-02-26', '2018-02-28', '9353933b-4185-0ee0-91a5-eb4cbf9dbbaa');
insert into CEIP_VISA
(ID, VERSION, CREATE_TS, CREATED_BY, UPDATE_TS, UPDATED_BY, DELETE_TS, DELETED_BY, VALID_FROM, VALID_UNTIL, APPLICANT_ID)
values ('fd7046cb-a766-e4e0-0d1e-fd7e6c39b588', 1, '2018-02-05 13:30:24', 'admin', '2018-02-05 13:30:24', null, null, null, '2018-01-29', '2018-02-28', '926f0881-8706-d38b-9375-2835731d0474');



insert into CEIP_ADDRESS
(ID, VERSION, CREATE_TS, CREATED_BY, UPDATE_TS, UPDATED_BY, DELETE_TS, DELETED_BY, STREET, POST_CODE, CITY, APPLICANT_ID)
values ('edb9e3e7-39d1-1553-5296-56cddbd8fe42', 1, '2018-02-05 13:32:57', 'admin', '2018-02-05 13:32:57', null, null, null, 'Sandfeld 16', '23516', 'Hamburg', '926f0881-8706-d38b-9375-2835731d0474');

insert into CEIP_EMPLOYMENT
(ID, VERSION, CREATE_TS, CREATED_BY, UPDATE_TS, UPDATED_BY, DELETE_TS, DELETED_BY, EMPLOYER, EMPLOYED_FROM, EMPLOYED_UNTIL, APPLICANT_ID)
values ('4dd96770-9b54-c869-4beb-6f74aedbc7cb', 1, '2018-02-05 13:32:57', 'admin', '2018-02-05 13:32:57', null, null, null, 'My Employer', '2018-02-05', '2018-03-05', '926f0881-8706-d38b-9375-2835731d0474');
